match_id,date,game_mode,queue_id,duration_sec,champion,team_position,win,kills,deaths,assists,kda,level,gold,damage,damage_taken,healing,vision_score,cs,summoner1Id,summoner2Id,items,perk_primary_style,perk_secondary_style
KR_7858254806,2025-10-08 14:31:22,CLASSIC,420,1291,Jayce,MIDDLE,True,6,4,7,3.25,14,9400,17487,14202,2322,20,165,12,4,"[3142, 3047, 0, 3042, 1055, 0, 3340]",8200,8300
KR_7858151244,2025-10-08 13:51:04,CLASSIC,420,1873,Lissandra,MIDDLE,True,3,0,12,15.0,17,13012,25527,18644,6209,29,278,12,4,"[4645, 1082, 3135, 2503, 1058, 3175, 3364]",8100,8400
KR_7858019563,2025-10-08 13:04:16,CLASSIC,420,1689,Leblanc,MIDDLE,False,6,5,2,1.6,15,12124,25770,23137,3039,42,244,12,4,"[4645, 6655, 0, 1082, 3137, 3111, 3364]",8100,8200
KR_7857352690,2025-10-08 07:44:24,CHERRY,1700,1445,Taliyah,,False,9,6,3,2.0,16,11350,28621,21018,3341,0,1,2201,2202,"[223020, 223089, 447113, 224633, 226655, 4010, 3348]",0,0
KR_7856448015,2025-10-07 17:04:59,CLASSIC,420,1676,Azir,TOP,True,5,1,16,21.0,17,14645,37487,18426,3559,20,230,12,4,"[4632, 3041, 3157, 3115, 1056, 3175, 3363]",8000,8200
KR_7856357576,2025-10-07 16:20:34,CLASSIC,420,1630,Azir,MIDDLE,True,4,6,6,1.67,17,11569,28240,22027,1559,16,220,12,4,"[2031, 3115, 2421, 3116, 1056, 1001, 3363]",8000,8400
KR_7856281659,2025-10-07 15:47:47,CLASSIC,420,1422,Aurora,MIDDLE,False,7,9,6,1.44,13,10815,24454,25515,4034,22,171,12,4,"[3113, 6655, 3108, 3020, 1056, 4645, 3340]",8100,8200
KR_7856196441,2025-10-07 15:13:35,CLASSIC,420,915,Yone,MIDDLE,True,1,1,3,4.0,11,5769,8064,13931,4463,13,130,12,4,"[2031, 3006, 3153, 0, 0, 0, 3364]",8000,8400
KR_7855895357,2025-10-07 13:20:23,CHERRY,1700,1309,Darius,,True,17,2,3,10.0,18,17156,58209,45121,21851,0,0,2201,2202,"[226609, 223047, 446632, 447111, 226610, 223039, 3348]",0,0
KR_7855800422,2025-10-07 12:48:33,CLASSIC,420,1582,Jayce,TOP,True,2,7,13,2.14,16,10843,22354,19819,2529,36,182,12,4,"[3142, 3042, 2055, 3035, 1055, 3171, 3363]",8000,8300
KR_7854217940,2025-10-06 17:28:13,CLASSIC,420,1349,Jayce,MIDDLE,False,2,6,5,1.17,14,9075,20243,17561,2220,27,197,12,4,"[3142, 3042, 3035, 3158, 1055, 0, 3363]",8200,8400
KR_7854155054,2025-10-06 16:45:13,CLASSIC,420,1956,Azir,MIDDLE,False,3,5,3,1.2,17,15071,30013,22752,1968,29,291,12,4,"[2055, 3115, 3157, 3175, 3089, 3116, 3364]",8000,8200
KR_7854091325,2025-10-06 16:12:13,CLASSIC,420,1034,Annie,MIDDLE,True,2,1,4,6.0,12,7360,12286,6453,1273,17,154,12,4,"[3118, 1082, 2420, 3020, 1056, 1011, 3340]",8200,8000
KR_7853949039,2025-10-06 15:08:30,CLASSIC,420,1136,TahmKench,UTILITY,True,0,3,12,4.0,9,5465,7506,14744,4458,44,19,7,4,"[3869, 3076, 3190, 2055, 1028, 3047, 3364]",8300,8400
KR_7852025214,2025-10-05 17:42:04,CHERRY,1700,1391,Bard,,False,4,6,2,1.0,14,10455,18917,23555,12333,0,0,2201,2202,"[2049, 226653, 228001, 447120, 223137, 223089, 3348]",0,0
KR_7851903870,2025-10-05 16:29:47,CLASSIC,420,2137,Yone,MIDDLE,True,3,6,9,2.0,18,13945,30997,40583,14007,37,283,12,4,"[6673, 3006, 3140, 3031, 1036, 3153, 3364]",8000,8400
KR_7851809754,2025-10-05 15:41:52,CLASSIC,420,1427,Ryze,MIDDLE,True,12,1,4,16.0,17,14007,26413,17346,5530,29,239,12,4,"[3040, 1026, 3157, 6657, 4630, 3158, 3363]",8200,8400
KR_7851300813,2025-10-05 12:28:14,CLASSIC,420,1340,LeeSin,JUNGLE,True,1,1,17,18.0,14,8971,14597,28765,21553,24,175,11,4,"[3173, 6610, 2055, 3071, 0, 0, 3340]",8000,8300
KR_7851225074,2025-10-05 11:56:18,CLASSIC,420,969,Yasuo,MIDDLE,False,1,2,1,1.0,11,5570,7111,10434,2751,12,140,12,4,"[3153, 3006, 2055, 1018, 0, 0, 3340]",8000,8400
KR_7851145201,2025-10-05 11:22:49,CLASSIC,420,972,Leblanc,MIDDLE,False,1,3,3,1.33,10,4863,10187,12441,2213,8,101,12,4,"[2031, 1082, 6655, 1001, 1056, 1052, 3340]",8100,8400
KR_7850998706,2025-10-05 10:17:26,CLASSIC,420,1418,Vex,MIDDLE,False,0,6,2,0.33,14,9064,18277,16787,1510,23,216,12,4,"[4629, 3158, 3108, 2503, 1056, 1082, 3364]",8100,8200
KR_7818745957,2025-09-20 17:48:35,CHERRY,1700,1478,Pyke,,True,18,7,9,3.86,18,23950,73417,66989,36499,0,0,2201,2202,"[226693, 447115, 224004, 226697, 4017, 224403, 3348]",0,0
KR_7818641248,2025-09-20 16:26:44,CLASSIC,420,1738,Ryze,MIDDLE,False,2,9,5,0.78,15,10593,19041,34459,4171,24,224,12,4,"[6657, 3040, 0, 4632, 1056, 3158, 3363]",8200,8400
KR_7817016103,2025-09-19 17:28:31,CLASSIC,420,1552,Galio,MIDDLE,False,2,6,6,1.33,14,9230,12114,25484,2040,27,199,12,4,"[1058, 6664, 2421, 1082, 1056, 3111, 3364]",8200,8400
KR_7816931606,2025-09-19 16:25:23,CLASSIC,420,1920,Ryze,MIDDLE,False,5,6,7,2.0,17,14422,26354,39218,9121,41,292,12,4,"[3040, 6657, 3157, 3158, 1056, 3137, 3340]",8200,8400
KR_7816794932,2025-09-19 15:13:05,CLASSIC,420,917,Lissandra,MIDDLE,True,2,2,0,1.0,11,6045,8434,8858,1062,11,136,12,4,"[2031, 3158, 2503, 1052, 1056, 1082, 3340]",8200,8400
KR_7816733991,2025-09-19 14:44:36,CLASSIC,420,914,Jayce,MIDDLE,True,1,1,0,1.0,10,5672,11117,8318,2331,15,144,12,4,"[3142, 2031, 3133, 3070, 1055, 1001, 3340]",8200,8300
KR_7814349616,2025-09-17 17:18:26,CLASSIC,420,918,Annie,MIDDLE,True,11,0,2,13.0,11,7831,18857,7222,1599,11,125,12,4,"[2031, 3158, 3116, 1082, 1056, 3118, 3340]",8200,8000
KR_7814313545,2025-09-17 16:32:18,CLASSIC,420,1814,Yone,MIDDLE,False,9,7,6,2.14,17,13384,28635,38390,10495,34,236,12,4,"[6673, 3153, 2055, 3031, 2019, 3006, 3364]",8000,8400
KR_7814259957,2025-09-17 15:46:12,CLASSIC,420,1433,Ambessa,TOP,False,2,0,2,4.0,14,8307,9747,17402,4923,17,183,12,4,"[2031, 6692, 0, 3047, 3071, 0, 3340]",8400,8300
KR_7813048255,2025-09-16 16:48:00,CLASSIC,420,1594,Aurora,MIDDLE,True,7,1,5,12.0,16,12292,31362,20876,9251,29,212,12,4,"[4633, 3111, 3108, 6653, 4630, 3041, 3364]",8100,8200
KR_7813012807,2025-09-16 16:13:15,CLASSIC,420,1592,Orianna,MIDDLE,False,2,2,5,3.5,16,10791,27584,16102,3427,19,242,12,4,"[6657, 1082, 1058, 3040, 3158, 1058, 3363]",8200,8000
KR_7812983511,2025-09-16 15:44:18,CLASSIC,420,1346,Aatrox,TOP,False,5,5,2,1.4,14,8477,12467,28286,7580,18,158,12,4,"[3053, 6610, 2055, 3047, 1054, 0, 3340]",8000,8400
KR_7809887199,2025-09-14 11:02:31,CLASSIC,420,1804,Orianna,MIDDLE,True,11,2,17,14.0,18,16118,37402,19665,5424,24,280,12,4,"[3108, 3040, 3157, 3171, 3089, 3041, 3363]",8200,8000
KR_7808755194,2025-09-13 16:37:04,CLASSIC,420,1440,TwistedFate,MIDDLE,True,2,3,14,5.33,16,11470,20931,20913,5244,14,202,12,4,"[3100, 1082, 3094, 3010, 1056, 6657, 3363]",8100,8300
KR_7808589076,2025-09-13 15:10:15,CLASSIC,420,1998,Yone,MIDDLE,True,3,6,3,1.0,17,11772,24523,35312,13817,41,247,12,4,"[3153, 3006, 1038, 6673, 1037, 1018, 3364]",8000,8400
KR_7808378205,2025-09-13 13:37:45,CHERRY,1700,1461,Diana,,True,15,6,4,3.17,18,25030,80005,50375,19064,0,3,2201,2202,"[223115, 223111, 223157, 223089, 444637, 223137, 3348]",0,0
KR_7808219654,2025-09-13 12:28:10,CHERRY,1700,1422,Fizz,,True,15,4,6,5.25,18,23100,61676,40194,25818,0,0,2201,2202,"[447112, 446667, 447100, 223089, 444637, 223135, 3348]",0,0
KR_7807052687,2025-09-12 17:57:24,CLASSIC,420,1855,Braum,UTILITY,False,4,8,29,4.12,14,10783,14930,34917,12384,90,30,7,4,"[3869, 3107, 3190, 2055, 3109, 3174, 3364]",8300,8400
KR_7807007974,2025-09-12 17:18:55,CLASSIC,420,1676,Taliyah,MIDDLE,False,0,6,9,1.5,15,9102,24501,18287,2625,30,212,12,4,"[0, 3041, 2420, 3040, 1056, 3111, 3363]",8200,8000
KR_7806984310,2025-09-12 16:51:43,CHERRY,1700,1441,Renata,,False,1,4,11,3.0,16,10820,22666,48481,17035,0,1,2201,2202,"[223107, 4016, 223109, 447102, 226616, 223504, 3348]",0,0
KR_7806934322,2025-09-12 16:22:43,CHERRY,1700,1454,Smolder,,True,14,6,4,3.0,18,33820,76917,42337,11647,0,2,2201,2202,"[223094, 223033, 223139, 223031, 223095, 223072, 3348]",0,0
KR_7806815627,2025-09-12 15:20:12,CLASSIC,420,1603,Tristana,MIDDLE,True,5,3,12,5.67,14,11715,26860,23200,7946,30,186,12,4,"[3032, 3006, 1037, 1053, 1055, 3031, 3340]",8000,8400
KR_7806577625,2025-09-12 13:38:42,CLASSIC,420,1419,Galio,MIDDLE,True,8,4,4,3.0,15,12461,17178,21323,2049,17,198,12,4,"[3152, 3020, 3157, 3041, 1056, 1058, 3340]",8200,8400
KR_7805499358,2025-09-11 17:50:11,CLASSIC,420,1628,Cassiopeia,MIDDLE,True,5,4,11,4.0,18,12665,26270,29503,12726,23,245,12,4,"[3040, 3041, 3157, 3108, 1056, 6657, 3364]",8000,8400
KR_7805435642,2025-09-11 16:40:21,CLASSIC,420,2486,Morgana,MIDDLE,True,4,6,11,2.5,18,16087,25631,33431,7317,49,289,12,4,"[2503, 6653, 1058, 1058, 4628, 3171, 3363]",8200,8000
KR_7805384817,2025-09-11 15:55:21,CLASSIC,420,1632,Orianna,MIDDLE,False,1,7,1,0.29,15,10407,23963,22251,1792,16,237,12,4,"[1058, 3158, 3137, 2503, 1056, 1082, 3340]",8200,8000
KR_7805316597,2025-09-11 15:09:07,CLASSIC,420,1393,Orianna,MIDDLE,False,3,6,4,1.17,13,9665,21359,17136,1744,21,212,12,4,"[3916, 3158, 3157, 2503, 1056, 1082, 3363]",8200,8000
KR_7805263050,2025-09-11 14:33:16,CHERRY,1700,1499,Jhin,,False,5,10,2,0.7,15,10300,30340,28186,5006,0,0,2201,2202,"[223031, 443056, 223005, 226676, 223032, 223033, 3348]",0,0
KR_7805183938,2025-09-11 13:58:13,CHERRY,1700,1678,Qiyana,,False,4,8,11,1.88,18,13430,28112,40298,14019,0,0,2201,2202,"[447112, 223111, 223185, 0, 0, 0, 3348]",0,0
KR_7802876376,2025-09-09 17:22:40,CLASSIC,420,1239,Taliyah,MIDDLE,False,4,4,4,2.0,13,8085,13459,13519,1816,10,182,12,4,"[3040, 3108, 3108, 1082, 1056, 3158, 3363]",8200,8400
KR_7802850057,2025-09-09 16:43:49,CLASSIC,420,1161,Galio,MIDDLE,True,3,1,7,10.0,13,8548,6399,11005,1510,13,189,12,4,"[3152, 1058, 2420, 1082, 1056, 3158, 3340]",8200,8400
KR_7802814583,2025-09-09 16:09:48,CLASSIC,420,1419,Azir,MIDDLE,False,2,6,1,0.5,13,8466,30837,24122,1343,19,173,12,4,"[2031, 3115, 1082, 3020, 1056, 3116, 3363]",8000,8200
KR_7802772160,2025-09-09 15:30:56,CLASSIC,420,1419,Ryze,MIDDLE,True,7,3,14,7.0,16,12230,21625,20270,5272,18,217,12,4,"[3040, 4632, 1052, 6657, 1058, 3111, 3363]",8200,8400
KR_7802727004,2025-09-09 14:57:03,CLASSIC,420,1037,Yone,MIDDLE,True,4,3,7,3.67,12,7244,14348,15236,3369,15,130,12,4,"[3006, 3153, 0, 1018, 1054, 1036, 3364]",8000,8400
KR_7802673293,2025-09-09 14:24:15,CHERRY,1700,1366,Olaf,,False,3,8,1,0.5,13,7748,12226,16232,2123,0,0,2201,2202,"[443064, 0, 0, 0, 0, 0, 3348]",0,0
KR_7802536455,2025-09-09 13:12:29,CHERRY,1700,1388,Yorick,,True,10,5,8,3.6,18,19180,61867,89857,46791,0,1,2201,2202,"[447122, 443056, 223071, 447111, 447112, 447103, 3348]",0,0
KR_7802452290,2025-09-09 12:29:45,CLASSIC,420,1683,Orianna,MIDDLE,False,4,7,5,1.29,16,11600,27419,27223,1900,27,240,12,4,"[4645, 1082, 2420, 2503, 1058, 3020, 3363]",8200,8400
KR_7801651104,2025-09-08 17:48:23,CHERRY,1700,1331,Ornn,,True,10,2,12,11.0,18,18106,33572,32853,11194,0,0,2201,2202,"[447119, 226665, 228001, 443061, 443059, 223084, 3348]",0,0
KR_7801582199,2025-09-08 16:19:06,CLASSIC,420,2110,Galio,MIDDLE,False,7,9,23,3.33,18,16397,44350,48005,6056,17,282,12,4,"[3152, 1058, 3157, 3020, 4633, 8010, 3363]",8200,8400
KR_7801528221,2025-09-08 15:33:29,CLASSIC,420,1474,Morgana,MIDDLE,True,6,3,11,5.67,15,11060,16980,22118,6206,17,191,12,4,"[3152, 2503, 3158, 1082, 6653, 1052, 3364]",8200,8000
KR_7801460499,2025-09-08 14:44:09,CHERRY,1700,1596,Amumu,,False,1,6,6,1.17,16,10404,15336,39702,11440,0,1,2201,2202,"[223039, 223020, 228001, 443061, 228020, 223065, 3348]",0,0
KR_7801413028,2025-09-08 14:14:43,CHERRY,1700,1520,Zyra,,True,10,5,8,3.6,18,23110,56407,17209,2811,0,0,2201,2202,"[447104, 447108, 4015, 3430, 223089, 224645, 3348]",0,0
KR_7801352091,2025-09-08 13:43:45,CHERRY,1700,1619,Xerath,,True,14,4,7,5.25,18,25950,100553,27252,4516,0,0,2201,2202,"[447113, 223089, 447120, 223135, 223102, 224645, 3348]",0,0
KR_7800410070,2025-09-07 18:16:27,CLASSIC,420,1213,MonkeyKing,JUNGLE,True,2,1,5,7.0,12,7624,10718,22838,13143,10,147,11,4,"[3047, 3078, 2055, 2021, 3133, 1028, 3364]",8000,8300
KR_7800340103,2025-09-07 16:38:08,CLASSIC,420,2679,Taliyah,MIDDLE,True,10,5,21,6.2,18,21439,48512,41352,10791,47,356,12,4,"[3102, 3040, 3157, 3137, 3089, 3171, 3363]",8200,8400
KR_7800259728,2025-09-07 15:34:12,CLASSIC,420,943,Taliyah,MIDDLE,True,2,3,4,2.0,11,5838,8313,7898,954,13,124,12,4,"[3040, 2022, 2055, 1001, 1056, 1082, 3363]",8200,8000
KR_7799956621,2025-09-07 12:54:17,CLASSIC,420,1667,TwistedFate,MIDDLE,True,7,1,11,18.0,18,15970,22982,21698,8590,34,276,12,4,"[3094, 6657, 3157, 3173, 1058, 3100, 3340]",8300,8400
KR_7799904113,2025-09-07 12:25:42,CHERRY,1700,1553,Udyr,,True,3,5,4,1.4,15,11680,29115,19742,5934,0,1,2201,2202,"[226676, 226694, 224004, 226697, 223026, 443090, 3348]",0,0
KR_7798700269,2025-09-06 18:27:19,CLASSIC,420,1316,Aurora,MIDDLE,True,9,0,8,17.0,15,10918,22786,17698,7494,29,194,12,4,"[3108, 6653, 2421, 3041, 3113, 3111, 3340]",8100,8400
KR_7798660398,2025-09-06 17:45:51,CLASSIC,420,919,Leblanc,MIDDLE,True,0,0,0,0.0,11,5296,10287,6791,2139,7,142,12,4,"[2031, 6655, 2055, 3020, 1056, 1082, 3364]",8100,8200
KR_7798579670,2025-09-06 16:45:54,CLASSIC,420,1630,MonkeyKing,JUNGLE,False,4,6,4,1.33,13,9072,19348,34386,11033,40,128,11,4,"[6610, 3078, 0, 3047, 1028, 2022, 3364]",8000,8300
KR_7798511373,2025-09-06 16:02:57,CLASSIC,420,1625,Azir,MIDDLE,False,2,5,4,1.2,16,11948,18869,18444,1483,35,285,12,4,"[3020, 3115, 3157, 1082, 1056, 3116, 3363]",8000,8400
KR_7798409344,2025-09-06 15:12:14,CLASSIC,420,1750,Yone,MIDDLE,False,1,6,7,1.33,16,10567,26612,30907,9358,24,233,12,4,"[3153, 3006, 1036, 2019, 1036, 6673, 3364]",8000,8400
KR_7798131676,2025-09-06 13:11:15,CHERRY,1700,1457,Neeko,,True,13,6,11,4.0,18,22850,81958,78071,8166,0,0,2201,2202,"[223115, 223089, 443056, 223124, 223302, 223006, 3348]",0,0
KR_7797318305,2025-09-06 05:26:39,CLASSIC,420,101,Aurora,MIDDLE,True,0,0,0,0.0,1,503,308,167,29,0,0,12,4,"[2003, 0, 0, 0, 1056, 0, 3340]",8100,8200
KR_7796799935,2025-09-05 17:09:46,CLASSIC,420,1174,Aurora,MIDDLE,True,6,2,6,6.0,13,9782,18828,15342,4568,22,181,12,4,"[0, 3118, 3157, 1082, 1056, 3175, 3364]",8100,8200
KR_7796748178,2025-09-05 16:27:38,CHERRY,1700,1430,Seraphine,,True,16,4,5,5.25,18,25700,68938,37368,14220,0,0,2201,2202,"[223116, 223089, 447108, 226657, 226653, 223137, 3348]",0,0
KR_7796694312,2025-09-05 15:53:14,CHERRY,1700,1634,Aatrox,,False,9,6,4,2.17,16,11760,48104,47909,24466,0,3,2201,2202,"[447111, 223072, 443063, 226333, 223156, 223026, 3348]",0,0
KR_7796584323,2025-09-05 14:59:28,CLASSIC,420,1368,Orianna,MIDDLE,True,5,3,12,5.67,15,10768,17373,19339,6182,19,176,12,4,"[4630, 6657, 1058, 3171, 1056, 3040, 3363]",8200,8400
KR_7793463167,2025-09-03 11:19:39,CLASSIC,420,1145,Annie,MIDDLE,False,1,4,1,0.5,12,7194,10708,10642,776,13,160,12,4,"[1011, 3118, 3158, 1026, 1056, 1082, 3363]",8200,8000
KR_7790857706,2025-09-01 11:39:31,CHERRY,1700,1765,Lux,,True,19,3,11,10.0,18,33789,121902,39805,10777,0,0,2201,2202,"[443080, 447113, 443064, 223089, 444637, 223135, 3348]",0,0
KR_7790780213,2025-09-01 10:51:11,CHERRY,1700,1312,Ambessa,,True,16,2,6,11.0,18,20100,84896,60652,20053,0,0,2201,2202,"[226609, 226333, 446691, 223071, 223053, 447111, 3348]",0,0
KR_7790073239,2025-08-31 17:53:28,CHERRY,1700,1488,Kalista,,False,9,7,4,1.86,16,13075,50711,40790,4633,2,1,2201,2202,"[223031, 443069, 223139, 223036, 223172, 223085, 3348]",0,0
KR_7790018138,2025-08-31 16:41:39,CHERRY,1700,1481,Sejuani,,True,14,6,1,2.5,17,14074,41790,56281,21387,0,0,2201,2202,"[447122, 223047, 223143, 446667, 223084, 223110, 3348]",0,0
KR_7786370465,2025-08-29 18:30:24,PRACTICETOOL,3140,90,Lucian,,False,0,0,0,0.0,18,30500,52269,0,0,0,0,12,4,"[3508, 3031, 6675, 3158, 6672, 3071, 3340]",8000,8200
KR_7786363766,2025-08-29 18:25:56,PRACTICETOOL,3140,137,Lucian,,False,0,0,0,0.0,18,30786,79429,45,0,0,12,12,4,"[3508, 3031, 6675, 3158, 6672, 3071, 3340]",8000,8200
KR_7786357956,2025-08-29 18:21:44,PRACTICETOOL,3140,198,Azir,,False,0,0,0,0.0,13,10854,86888,19,4,0,8,12,4,"[3115, 3020, 3116, 0, 0, 0, 3340]",8000,8200
KR_7786357580,2025-08-29 18:17:09,PRACTICETOOL,3140,218,Lucian,,False,0,0,0,0.0,18,31162,253106,92,0,0,22,12,4,"[3508, 3031, 6675, 3158, 6672, 3071, 3340]",8000,8200
KR_7786227977,2025-08-29 16:38:12,CLASSIC,420,1641,Azir,MIDDLE,True,7,3,10,5.67,17,13957,34846,21145,2854,40,251,12,4,"[1058, 3115, 3157, 3175, 8010, 1026, 3340]",8000,8200
KR_7786154696,2025-08-29 15:56:30,CLASSIC,420,1906,Orianna,MIDDLE,False,8,4,8,4.0,17,14893,32787,31808,10243,20,264,12,4,"[2055, 3040, 3157, 6657, 3137, 3111, 3364]",8200,8400
KR_7786131695,2025-08-29 15:41:21,PRACTICETOOL,3140,101,Yone,,False,0,0,0,0.0,18,30503,137244,11,0,0,0,12,4,"[3006, 3153, 6673, 3031, 6672, 3033, 3340]",8000,8400
KR_7786057664,2025-08-29 15:12:34,CLASSIC,420,1417,Yone,MIDDLE,True,0,3,5,1.67,15,8821,19461,16257,6985,27,210,12,4,"[3153, 6333, 2055, 3006, 1055, 0, 3363]",8000,8400
KR_7786005271,2025-08-29 14:45:50,CHERRY,1700,1554,Kalista,,False,4,9,1,0.56,15,11070,32231,21989,3534,0,0,2201,2202,"[223153, 223085, 223139, 223036, 223031, 443055, 3348]",0,0
KR_7785980615,2025-08-29 14:36:05,PRACTICETOOL,3140,217,Lucian,,False,0,0,0,0.0,18,20823,263743,5,0,0,4,12,4,"[3508, 3031, 6675, 3158, 6672, 3071, 3340]",8000,8300
KR_7785751949,2025-08-29 13:08:45,CHERRY,1700,1238,Janna,,True,6,5,11,3.4,18,23402,38782,32922,21187,0,0,2201,2202,"[223504, 447109, 447105, 4011, 224403, 447101, 3348]",0,0
KR_7784668837,2025-08-28 17:21:01,CLASSIC,420,1289,Ryze,MIDDLE,True,9,2,9,9.0,14,11375,21243,19096,5431,15,176,12,4,"[1058, 6657, 2420, 3040, 1056, 3171, 3364]",8200,8400
KR_7784657896,2025-08-28 17:06:54,PRACTICETOOL,3140,64,Lucian,,False,0,0,0,0.0,18,30500,47299,0,0,0,0,12,4,"[3508, 3031, 6675, 3158, 6672, 3071, 3340]",8000,8400
KR_7784649879,2025-08-28 16:58:05,PRACTICETOOL,3140,121,Lucian,,False,0,0,0,0.0,18,30586,43670,44,0,0,3,12,4,"[3508, 3031, 6675, 3158, 6672, 3071, 3340]",8000,8400
KR_7784636753,2025-08-28 16:44:52,PRACTICETOOL,3140,232,Yone,,False,0,0,0,0.0,18,31065,50737,36,13,0,15,12,4,"[3006, 3153, 6673, 3031, 3091, 3032, 3340]",8000,8400
KR_7784592144,2025-08-28 16:09:01,CLASSIC,420,1720,Yone,MIDDLE,True,2,4,10,3.0,16,13010,20952,30250,8855,36,239,12,4,"[6673, 3153, 0, 1018, 1037, 3006, 3364]",8000,8400
KR_7784577394,2025-08-28 15:55:58,PRACTICETOOL,3140,128,Ambessa,,False,0,0,0,0.0,18,30621,22387,0,0,0,4,12,4,"[6692, 3161, 3047, 6333, 3071, 6699, 3340]",8400,8000
KR_7784564895,2025-08-28 15:50:10,PRACTICETOOL,3140,80,Ambessa,,False,0,0,0,0.0,6,500,6422,0,0,0,0,12,4,"[1055, 2003, 0, 0, 0, 0, 3340]",8400,8000
KR_7784499494,2025-08-28 15:13:48,CLASSIC,420,1419,Ambessa,MIDDLE,True,2,2,10,6.0,15,9492,26189,20220,6263,18,199,12,4,"[3071, 6692, 3047, 2019, 1055, 0, 3364]",8400,8000
KR_7784436878,2025-08-28 14:41:31,CLASSIC,420,1008,TwistedFate,MIDDLE,True,7,1,1,8.0,12,9906,11245,9529,2310,8,154,12,4,"[6657, 3100, 3086, 3158, 1056, 1082, 3340]",8300,8200
KR_7784367402,2025-08-28 14:05:13,CHERRY,1700,1675,Vex,,True,15,10,5,2.0,18,24915,99718,42163,13034,0,2,2201,2202,"[223146, 223089, 223124, 4010, 447101, 223115, 3348]",0,0
KR_7784223365,2025-08-28 13:04:22,CHERRY,1700,1433,Orianna,,True,16,3,8,8.0,18,23850,63176,35638,7801,0,0,2201,2202,"[223102, 224629, 444636, 223135, 224633, 223089, 3348]",0,0
KR_7783698666,2025-08-28 07:36:42,CHERRY,1700,1501,Corki,,True,14,12,6,1.67,18,21610,121041,75310,11501,0,0,2201,2202,"[447107, 443069, 443056, 446691, 443060, 223031, 3348]",0,0
KR_7783651134,2025-08-28 06:52:48,PRACTICETOOL,3140,552,Lucian,,False,0,0,0,0.0,18,21684,172143,57,39,0,12,12,4,"[3508, 3031, 6675, 3158, 6672, 3071, 3340]",8000,8300
KR_7783590497,2025-08-28 05:59:10,PRACTICETOOL,3140,355,Lucian,,False,0,0,0,0.0,18,31664,223901,166,0,0,36,12,4,"[3508, 3031, 6675, 3158, 6672, 3071, 3340]",8200,8400
KR_7781860650,2025-08-26 17:52:47,CLASSIC,420,911,Galio,MIDDLE,True,5,0,2,7.0,11,7949,6171,8904,1717,13,138,12,4,"[4633, 1082, 0, 3158, 1056, 6664, 3340]",8200,8400
KR_7781823958,2025-08-26 17:05:51,CHERRY,1700,1503,Ekko,,False,4,6,5,1.5,15,11000,22508,32768,9778,0,0,2201,2202,"[443054, 223111, 443064, 222504, 222502, 228020, 3348]",0,0
KR_7781793126,2025-08-26 16:29:19,CLASSIC,420,1919,Azir,MIDDLE,True,6,9,18,2.67,18,13535,41816,31822,2550,37,210,12,4,"[3135, 3115, 2420, 3175, 1056, 3116, 3363]",8000,8200
KR_7781711840,2025-08-26 15:31:10,CLASSIC,420,1466,Ambessa,MIDDLE,True,6,5,8,2.8,15,10359,19771,23560,3402,19,159,12,4,"[3047, 3155, 1028, 3071, 1054, 6692, 3340]",8400,8000
KR_7781665707,2025-08-26 15:00:32,CLASSIC,420,950,Yone,MIDDLE,False,3,8,1,0.5,9,5501,7933,16067,1454,11,92,12,4,"[2031, 3006, 2055, 3153, 1054, 0, 3340]",8000,8400
KR_7781435602,2025-08-26 13:02:58,CHERRY,1700,1551,Nami,,False,5,6,3,1.33,15,9510,21340,24905,14901,0,1,2201,2202,"[223157, 223020, 447105, 224646, 224645, 223089, 3348]",0,0
KR_7781381669,2025-08-26 12:36:36,CHERRY,1700,1301,Malphite,,True,8,5,8,3.2,18,16250,52434,54969,12147,0,0,2201,2202,"[226665, 443054, 447122, 223075, 222502, 223068, 3348]",0,0
KR_7780382103,2025-08-25 16:11:17,CLASSIC,420,1745,Azir,MIDDLE,False,6,6,9,2.5,16,13372,33497,20025,1084,29,255,12,4,"[2055, 3116, 2421, 3175, 3115, 3135, 3363]",8000,8200
KR_7780330745,2025-08-25 15:33:46,CHERRY,1700,1248,Elise,,False,1,5,3,0.8,11,4274,10774,16664,3234,0,0,2201,2202,"[2050, 444637, 4010, 223020, 0, 0, 3348]",0,0
KR_7777078812,2025-08-23 16:23:50,CLASSIC,420,1845,Viego,MIDDLE,True,5,6,15,3.33,17,13338,20229,37641,15011,30,243,12,4,"[6610, 3153, 0, 1037, 3036, 3111, 3364]",8000,8400
KR_7776968823,2025-08-23 15:28:05,CLASSIC,420,2023,Aurora,MIDDLE,True,8,5,13,4.2,18,15539,38468,33648,8026,48,271,12,4,"[6653, 3158, 8010, 3089, 4645, 1082, 3363]",8100,8200
KR_7776807199,2025-08-23 14:12:14,CHERRY,1700,1602,Maokai,,True,6,4,15,5.25,18,18500,36119,97459,59099,0,0,2201,2202,"[226665, 443061, 228001, 223068, 228020, 223111, 3348]",0,0
KR_7775962247,2025-08-23 06:35:20,CHERRY,1700,1538,Pantheon,,True,5,6,15,3.33,18,15961,43126,50860,22428,0,1,2201,2202,"[226694, 223047, 447103, 226610, 447101, 223153, 3348]",0,0
KR_7775213491,2025-08-22 16:08:53,CHERRY,1700,1394,Fizz,,True,10,5,3,2.6,17,13018,29059,36739,16912,0,0,2201,2202,"[447104, 223158, 447113, 224646, 444637, 224645, 3348]",0,0
KR_7773625998,2025-08-21 16:12:55,CLASSIC,420,1797,Azir,MIDDLE,True,5,5,9,2.8,17,13808,26335,26205,3076,34,271,12,4,"[2055, 3115, 2421, 3175, 3165, 3116, 3363]",8000,8400
KR_7773596438,2025-08-21 15:46:45,CHERRY,1700,1602,Riven,,False,6,7,1,1.0,14,9250,34574,39002,15150,0,0,2201,2202,"[223177, 226610, 443064, 223071, 447111, 226333, 3348]",0,0
KR_7773556734,2025-08-21 15:21:52,CHERRY,1700,1421,LeeSin,,True,9,6,4,2.17,17,11000,56986,42587,5775,0,0,2201,2202,"[226694, 223111, 446691, 226701, 226696, 226695, 3348]",0,0
KR_7773499923,2025-08-21 14:49:58,CHERRY,1700,1477,Sylas,,True,12,4,7,4.75,18,23783,58308,77075,34049,0,0,2201,2202,"[444637, 447104, 443056, 223089, 224633, 4015, 3348]",0,0
KR_7772743964,2025-08-21 06:45:33,CHERRY,1700,1345,Yasuo,,True,12,2,12,12.0,18,21700,67641,67209,27960,0,4,2201,2202,"[223036, 223006, 223139, 226673, 443054, 223031, 3348]",0,0
KR_7772272701,2025-08-20 17:24:11,CLASSIC,420,1468,Corki,MIDDLE,False,3,10,6,0.9,14,10267,19949,26278,2835,15,190,12,4,"[3042, 3078, 0, 3111, 1055, 3086, 3363]",8000,8300
KR_7772228911,2025-08-20 16:39:27,CLASSIC,420,1547,Ambessa,MIDDLE,True,7,2,8,7.5,15,11947,24075,21143,5651,34,199,12,4,"[3071, 6692, 2021, 1037, 1054, 3173, 3364]",8100,8400
KR_7772174912,2025-08-20 15:56:20,CLASSIC,420,1894,Sylas,MIDDLE,False,3,3,4,2.33,18,13492,25600,31906,10354,33,318,12,4,"[3152, 4633, 3157, 0, 1058, 3171, 3364]",8000,8400
KR_7772134029,2025-08-20 15:20:54,CHERRY,1700,1521,Varus,,True,7,7,10,2.43,18,21411,50534,44556,17921,0,0,2201,2202,"[224403, 223156, 224401, 223124, 223153, 223302, 3348]",0,0
KR_7772085755,2025-08-20 14:56:56,CHERRY,1700,1773,Rengar,,False,5,7,5,1.43,17,14103,25392,29088,6050,0,0,2201,2202,"[443060, 223111, 2049, 0, 0, 0, 3348]",0,0
KR_7772047915,2025-08-20 14:37:09,CHERRY,1700,1652,Milio,,False,1,7,2,0.43,13,7000,11471,16736,4662,0,0,2201,2202,"[223158, 2049, 447108, 224646, 226655, 223089, 3348]",0,0
KR_7770858728,2025-08-19 17:58:26,CHERRY,1700,1466,FiddleSticks,,False,6,6,2,1.33,15,9550,23796,32459,11489,6,1,2201,2202,"[443064, 223135, 228002, 223020, 2050, 0, 3330]",0,0
KR_7770816906,2025-08-19 17:10:13,CLASSIC,420,1621,Yone,MIDDLE,False,2,4,3,1.25,15,11019,22869,30852,9821,19,226,12,4,"[3153, 3006, 6670, 6673, 1054, 1028, 3364]",8000,8400
KR_7770759050,2025-08-19 16:12:16,CLASSIC,420,2078,Ambessa,MIDDLE,True,7,7,16,3.29,18,15865,33571,40525,14209,32,260,12,4,"[6692, 3047, 0, 3071, 3161, 6333, 3364]",8400,8000
KR_7770693785,2025-08-19 15:31:15,CLASSIC,420,1567,Ambessa,MIDDLE,False,2,5,8,2.0,13,8784,14441,24845,4385,21,168,12,4,"[3071, 6692, 1028, 1001, 1054, 1028, 3340]",8000,8400
KR_7770608442,2025-08-19 14:41:46,CLASSIC,420,2229,Yasuo,MIDDLE,True,6,7,6,1.71,18,15064,22830,38169,13307,31,263,12,4,"[3031, 3153, 3140, 1057, 6673, 3172, 3364]",8000,8400
KR_7769808347,2025-08-19 06:19:09,CHERRY,1700,1413,Irelia,,True,14,3,9,7.67,18,25450,40425,36696,18673,0,0,2201,2202,"[447114, 447112, 447116, 443059, 447103, 223153, 3348]",0,0
KR_7769387063,2025-08-18 17:54:34,CLASSIC,420,1549,Zed,JUNGLE,False,3,4,7,2.5,13,8938,14901,26514,11949,36,140,11,4,"[3071, 6692, 0, 1028, 3158, 0, 3364]",8000,8300
KR_7769355024,2025-08-18 17:13:39,CLASSIC,420,911,Akshan,MIDDLE,False,0,6,1,0.17,9,4168,8496,12805,1958,9,97,12,4,"[2031, 1053, 1037, 1001, 1055, 1043, 3340]",8000,8400
KR_7769309611,2025-08-18 16:34:26,CLASSIC,420,1864,Qiyana,JUNGLE,False,9,6,10,3.17,16,13264,27044,38169,16217,38,189,11,4,"[3134, 6694, 3142, 6701, 3158, 2021, 3364]",8100,8300
KR_7769254689,2025-08-18 15:51:35,CLASSIC,420,2221,Akali,MIDDLE,False,7,7,4,1.57,18,15920,22294,38037,6487,25,305,12,4,"[3152, 2055, 3157, 4645, 3135, 3020, 3364]",8000,8400
KR_7769196486,2025-08-18 15:12:27,CLASSIC,420,1404,TwistedFate,MIDDLE,True,13,2,8,10.5,18,18251,29450,17523,5357,17,229,12,4,"[6657, 3171, 3157, 3100, 3137, 3094, 3363]",8300,8200
KR_7768846568,2025-08-18 12:25:24,CLASSIC,420,2940,Zed,JUNGLE,False,9,13,15,1.85,18,19627,45140,84391,28753,43,299,11,4,"[3071, 6333, 2501, 3053, 3158, 3161, 3364]",8000,8300
KR_7768756827,2025-08-18 11:40:15,CLASSIC,420,1308,Zed,JUNGLE,True,12,1,7,19.0,14,11455,22289,19124,12431,20,165,11,4,"[3161, 6692, 3171, 3071, 1036, 1036, 3364]",8000,8300
KR_7768667208,2025-08-18 10:43:33,CHERRY,1700,1377,Volibear,,True,3,8,12,1.88,18,17255,31185,39992,11533,0,0,2201,2202,"[443063, 2050, 0, 0, 0, 0, 3348]",0,0
KR_7761913584,2025-08-14 17:13:45,CLASSIC,420,937,Galio,MIDDLE,True,0,1,6,6.0,11,5837,5525,9701,1222,16,132,12,4,"[2031, 3111, 1028, 2022, 1056, 3211, 3340]",8200,8400
KR_7761837683,2025-08-14 16:27:47,CLASSIC,420,1598,Taliyah,MIDDLE,True,10,6,9,3.17,16,12998,27913,16646,1212,12,198,12,4,"[1026, 3040, 3157, 1082, 4630, 3175, 3363]",8200,8000
KR_7761630871,2025-08-14 14:52:31,CLASSIC,420,1784,Azir,MIDDLE,False,6,7,9,2.14,16,12755,31909,27930,3238,30,225,12,4,"[3115, 3173, 3157, 3116, 1056, 1082, 3363]",8000,8300
KR_7761347007,2025-08-14 12:51:56,CHERRY,1700,1567,Hwei,,True,9,6,4,2.17,17,10835,41875,20879,3646,0,1,2201,2202,"[226655, 223020, 447108, 4010, 224629, 223089, 3348]",0,0
KR_7760768399,2025-08-14 06:45:34,CHERRY,1700,1431,Ahri,,True,16,6,6,3.67,18,21250,77954,39217,15914,0,0,2201,2202,"[446656, 223089, 223157, 224645, 223135, 3430, 3348]",0,0
KR_7760137114,2025-08-13 16:20:27,CLASSIC,420,1699,Diana,MIDDLE,True,5,6,11,2.67,17,12709,28521,21737,2105,25,219,12,4,"[3152, 4633, 3157, 3020, 1052, 1082, 3340]",8200,8400
KR_7760088661,2025-08-13 15:48:38,CHERRY,1700,1482,Pyke,,True,6,6,10,2.67,17,14705,52503,30224,10516,0,0,2201,2202,"[226693, 226694, 223005, 4017, 223814, 226701, 3348]",0,0
KR_7760034705,2025-08-13 15:15:40,CHERRY,1700,1568,Kennen,,True,9,9,6,1.67,18,21750,64713,50465,26431,0,4,2201,2202,"[223146, 223137, 447121, 223124, 223115, 223089, 3348]",0,0
KR_7758657832,2025-08-12 18:42:18,CLASSIC,420,2032,Galio,MIDDLE,False,5,5,10,3.0,17,13445,24063,34872,7601,34,265,12,4,"[3152, 4633, 2420, 3175, 1056, 4645, 3364]",8200,8400
KR_7758633074,2025-08-12 17:55:49,CLASSIC,420,1833,Galio,MIDDLE,True,3,4,12,3.75,17,12615,29225,29535,3699,29,248,12,4,"[1058, 1082, 2420, 3158, 6664, 4633, 3364]",8200,8400
KR_7758558648,2025-08-12 16:47:28,CLASSIC,420,1267,Orianna,MIDDLE,True,4,1,8,12.0,14,9301,20969,13182,2700,16,190,12,4,"[6655, 3171, 2055, 8010, 1056, 1082, 3363]",8200,8000
KR_7758453111,2025-08-12 15:33:42,CLASSIC,420,1635,Annie,MIDDLE,True,4,5,12,3.2,16,11218,27681,16862,1933,24,186,12,4,"[8010, 3118, 1026, 1082, 1011, 3158, 3363]",8200,8400
KR_7758370618,2025-08-12 14:50:35,CHERRY,1700,1647,Khazix,,False,8,6,1,1.5,16,11871,35094,33336,11644,0,0,2201,2202,"[223161, 223156, 447101, 223071, 447111, 223026, 3348]",0,0
KR_7758319735,2025-08-12 14:28:21,CHERRY,1700,1438,Lux,,True,4,5,5,1.8,16,10300,42780,23335,6098,0,1,2201,2202,"[4016, 223020, 447105, 224628, 3430, 226616, 3348]",0,0
KR_7758024414,2025-08-12 12:20:08,CLASSIC,420,949,Ambessa,MIDDLE,True,1,0,3,4.0,11,5787,8118,10953,3042,13,127,12,4,"[2031, 6692, 2055, 1028, 1054, 1001, 3340]",8000,8400
KR_7757913084,2025-08-12 11:23:53,CLASSIC,420,1422,Akali,MIDDLE,True,12,0,10,22.0,16,13625,24751,23658,7738,11,207,12,4,"[3152, 4630, 3157, 3100, 1026, 3111, 3364]",8000,8400
KR_7756981029,2025-08-11 17:51:22,CHERRY,1700,1686,Kassadin,,False,0,6,0,0.0,12,5750,6314,14065,1459,0,0,2201,2202,"[447104, 0, 0, 0, 0, 0, 3348]",0,0
KR_7756905702,2025-08-11 16:47:31,CLASSIC,420,2065,Kennen,TOP,False,6,7,5,1.57,17,13986,26162,29986,4748,44,244,12,4,"[3152, 4645, 2055, 3135, 1058, 3020, 3364]",8100,8200
KR_7756849992,2025-08-11 16:07:43,CLASSIC,420,1929,Azir,MIDDLE,True,11,5,9,4.0,18,17342,44601,18866,2041,29,281,12,4,"[1058, 3175, 3157, 6653, 3135, 3115, 3363]",8000,8200
KR_7756813199,2025-08-11 15:39:29,CHERRY,1700,1211,Kayn,,True,8,6,2,1.67,17,10260,30442,59418,11963,0,0,2201,2202,"[223111, 223161, 447115, 226692, 223053, 223071, 3348]",0,0
KR_7756769875,2025-08-11 15:17:52,CHERRY,1700,1465,Mordekaiser,,False,3,13,1,0.31,14,8250,23333,32709,3330,0,0,2201,2202,"[223020, 2050, 447110, 223102, 224633, 4010, 3348]",0,0
KR_7756708881,2025-08-11 14:48:58,CLASSIC,420,1394,TwistedFate,MIDDLE,True,8,3,10,6.0,16,13418,22893,20031,6115,11,209,12,4,"[3100, 6657, 2421, 3094, 1056, 3171, 3363]",8300,8400
KR_7756404388,2025-08-11 12:35:09,CHERRY,1700,1641,LeeSin,,True,4,4,7,2.75,16,11025,27704,39432,20458,0,1,2201,2202,"[223161, 447112, 226610, 223071, 223053, 223158, 3348]",0,0
KR_7755234865,2025-08-10 16:48:36,CLASSIC,420,1742,Taliyah,MIDDLE,True,7,6,17,4.0,17,13891,31072,25203,4410,19,224,12,4,"[0, 3171, 3157, 3041, 3040, 8010, 3363]",8200,8400
KR_7755183143,2025-08-10 16:07:26,CLASSIC,420,1906,Ambessa,MIDDLE,True,15,3,6,7.0,18,20209,45874,34660,13361,26,243,12,4,"[6692, 3071, 6333, 3026, 3111, 3161, 3340]",8000,8400
KR_7755103975,2025-08-10 15:26:19,CLASSIC,420,998,Ryze,MIDDLE,True,9,2,4,6.5,12,8267,14000,12918,3201,18,146,12,4,"[3040, 3171, 6657, 1052, 1056, 0, 3363]",8200,8400
KR_7755034842,2025-08-10 14:50:52,CLASSIC,420,1459,Vi,JUNGLE,False,1,11,5,0.55,12,7634,9786,29706,7578,23,129,11,4,"[6610, 3078, 0, 2422, 0, 0, 3364]",8000,8300
KR_7754697599,2025-08-10 12:32:31,CHERRY,1700,1574,Alistar,,False,6,5,6,2.4,18,17507,39571,52643,13645,0,0,2201,2202,"[444637, 447109, 228001, 222504, 4010, 443056, 3348]",0,0
KR_7753951875,2025-08-10 06:40:20,CHERRY,1700,1294,Smolder,,False,0,6,1,0.17,12,6020,7297,16545,1284,0,2,2201,2202,"[447122, 0, 0, 0, 0, 0, 3348]",0,0
KR_7753884972,2025-08-10 06:08:45,CLASSIC,420,1446,Diana,MIDDLE,True,4,4,6,2.5,15,10970,18264,18920,1882,21,213,12,4,"[3152, 1058, 2421, 1082, 1001, 3100, 3364]",8200,8400
KR_7751167276,2025-08-08 17:51:23,CLASSIC,420,1310,MonkeyKing,JUNGLE,False,5,7,2,1.0,10,7694,15331,28009,8509,24,102,11,4,"[1102, 3078, 2055, 6610, 1001, 0, 3364]",8200,8400
KR_7751106598,2025-08-08 17:08:48,CLASSIC,420,1624,Galio,MIDDLE,False,0,7,8,1.14,14,9326,16639,29100,2561,25,206,12,4,"[3152, 1082, 0, 4633, 1056, 3111, 3364]",8200,8400
KR_7750967746,2025-08-08 15:53:07,CLASSIC,420,1852,Diana,MIDDLE,False,10,4,4,3.5,18,16932,27550,20761,3252,29,271,12,4,"[3152, 3100, 3157, 3111, 3089, 4630, 3364]",8200,8400
KR_7750883936,2025-08-08 15:17:32,CLASSIC,420,958,Diana,MIDDLE,True,3,2,1,2.0,11,6558,12245,8298,772,11,144,12,4,"[3152, 2055, 2420, 1082, 1056, 3020, 3364]",8200,8400
KR_7750493529,2025-08-08 12:36:52,CHERRY,1700,1519,XinZhao,,True,11,4,10,5.25,18,25291,48200,60999,41270,0,1,2201,2202,"[443054, 223111, 223156, 223124, 0, 0, 3348]",0,0
KR_7748270093,2025-08-07 06:39:51,CHERRY,1700,1550,Ambessa,,False,6,6,7,2.17,16,10918,44588,31866,15460,0,1,2201,2202,"[447111, 223111, 447112, 226692, 446691, 223053, 3348]",0,0
KR_7747667568,2025-08-06 16:54:43,CLASSIC,420,1576,Trundle,JUNGLE,False,4,5,8,2.4,13,9988,14075,42909,23098,26,160,11,4,"[3078, 3065, 0, 1031, 3111, 1028, 3364]",8000,8300
KR_7747621306,2025-08-06 16:19:19,CLASSIC,420,1335,Trundle,JUNGLE,False,1,8,9,1.25,11,6796,10046,29960,12171,27,94,11,4,"[3078, 2422, 1031, 1028, 1102, 3066, 3364]",8000,8300
KR_7747547817,2025-08-06 15:36:12,CLASSIC,420,1548,Annie,MIDDLE,True,4,2,11,7.5,16,10348,23628,12950,2137,27,215,12,4,"[8010, 3118, 3020, 3147, 3108, 1082, 3364]",8200,8000
KR_7747428964,2025-08-06 14:39:15,CLASSIC,420,1514,Sylas,MIDDLE,True,7,4,12,4.75,16,13159,26908,24869,7064,23,248,12,4,"[3152, 4629, 2421, 1082, 1056, 3171, 3364]",8000,8400
KR_7747215040,2025-08-06 13:07:40,CLASSIC,420,1065,Annie,MIDDLE,True,3,1,6,9.0,12,7537,16243,7883,962,10,150,12,4,"[3147, 3118, 3108, 1082, 1056, 3158, 3364]",8200,8400
KR_7745939077,2025-08-05 17:01:31,CLASSIC,420,1350,Sylas,MIDDLE,True,10,2,7,8.5,15,11232,22733,27186,13318,24,175,12,4,"[3152, 3147, 3171, 3108, 1056, 3041, 3340]",8000,8400
KR_7745874558,2025-08-05 16:19:14,CLASSIC,420,1606,Yone,MIDDLE,False,2,5,8,2.0,15,10274,16622,27755,8944,19,243,12,4,"[3153, 6673, 0, 3006, 3123, 1036, 3364]",8000,8400
KR_7745796082,2025-08-05 15:31:58,CLASSIC,420,1738,Yone,MIDDLE,False,3,10,4,0.7,14,10915,27422,36586,8233,26,216,12,4,"[3153, 3006, 1036, 6673, 1018, 3123, 3364]",8000,8400
KR_7745715235,2025-08-05 14:52:37,CLASSIC,420,1662,Galio,MIDDLE,True,1,5,16,3.4,16,10537,19517,27518,2406,15,179,12,4,"[4633, 3173, 2055, 6664, 1056, 1082, 3364]",8400,8200
KR_7745377154,2025-08-05 12:33:05,CHERRY,1700,1282,Elise,,False,3,6,1,0.67,14,8267,17345,20309,3713,0,0,2201,2202,"[447104, 223020, 223157, 226653, 221058, 223135, 3348]",0,0
KR_7744815327,2025-08-05 07:01:34,CHERRY,1700,1379,Xayah,,False,7,4,8,3.75,16,13323,44861,39655,20655,0,2,2201,2202,"[446671, 223036, 223139, 223156, 223508, 223153, 3348]",0,0
KR_7744168266,2025-08-04 16:53:49,CHERRY,1700,1694,Khazix,,False,5,5,1,1.2,13,7004,16741,18402,3921,0,0,2201,2202,"[223185, 223111, 224004, 446691, 223156, 0, 3348]",0,0
KR_7744097941,2025-08-04 16:10:25,CLASSIC,420,1568,Taliyah,MIDDLE,False,6,5,4,2.0,14,10284,26947,14443,1489,27,191,12,4,"[3158, 3040, 0, 1058, 1056, 3135, 3363]",8200,8000
KR_7744020597,2025-08-04 15:25:16,CLASSIC,420,1757,TwistedFate,MIDDLE,True,13,2,7,10.0,18,18855,31713,22901,7672,22,252,12,4,"[3100, 3020, 3157, 3094, 3135, 3089, 3363]",8300,8400
KR_7743920245,2025-08-04 14:35:02,CHERRY,1700,1369,Alistar,,True,5,8,15,2.5,18,20288,41951,70948,21148,0,0,2201,2202,"[226665, 443061, 223157, 223068, 223039, 447109, 3348]",0,0
KR_7740048787,2025-08-02 15:46:23,CHERRY,1700,1467,Vayne,,False,5,7,5,1.43,15,13510,23235,26794,5536,0,0,2201,2202,"[226672, 223153, 443090, 223036, 443081, 223026, 3348]",0,0
KR_7739287085,2025-08-02 10:19:28,CHERRY,1700,1313,Nautilus,,False,6,5,8,2.8,16,11500,27152,30721,3399,0,0,2201,2202,"[223110, 4010, 447110, 4016, 223115, 224633, 3348]",0,0
KR_7739222770,2025-08-02 09:48:26,CHERRY,1700,1573,AurelionSol,,True,9,6,5,2.33,18,24801,28011,36946,16789,0,0,2201,2202,"[223116, 223135, 447101, 447112, 444644, 223089, 3348]",0,0
KR_7737838205,2025-08-01 14:57:59,CLASSIC,420,1418,Annie,MIDDLE,False,1,3,2,1.0,14,8445,20398,14251,2743,17,206,12,4,"[3118, 3158, 2055, 1082, 1056, 8010, 3363]",8200,8000
KR_7737528537,2025-08-01 12:59:40,CLASSIC,420,1507,Annie,MIDDLE,False,2,8,3,0.62,14,8817,21434,17540,1509,19,177,12,4,"[8010, 3158, 0, 3118, 1056, 1082, 3363]",8100,8200
KR_7736870648,2025-08-01 06:52:21,CHERRY,1700,1820,XinZhao,,True,12,6,4,2.67,18,20290,94592,130537,106157,0,3,2201,2202,"[447114, 226665, 447103, 224633, 447111, 447110, 3348]",0,0
KR_7736821282,2025-08-01 06:19:05,CHERRY,1700,1438,Graves,,True,7,8,6,1.62,18,15268,54350,40998,13270,0,0,2201,2202,"[443064, 223072, 223139, 223031, 223036, 226673, 3348]",0,0
KR_7736263579,2025-07-31 18:06:38,CLASSIC,420,967,Sivir,BOTTOM,False,0,4,0,0.0,10,5404,7623,9248,1369,12,142,6,4,"[3032, 3006, 1018, 0, 1055, 0, 3340]",8000,8300
KR_7736226069,2025-07-31 17:26:37,CLASSIC,420,1573,Trundle,JUNGLE,False,3,6,7,1.67,12,8370,11241,32469,15730,27,112,11,4,"[3078, 3111, 0, 3065, 0, 0, 3513]",8000,8300
KR_7735685374,2025-07-31 12:58:29,CHERRY,1700,1399,Leona,,False,2,6,8,1.67,15,11500,16622,29852,7340,0,0,2201,2202,"[228001, 223121, 447122, 226665, 222502, 223068, 3348]",0,0
KR_7735610191,2025-07-31 12:26:35,CHERRY,1700,1509,Ashe,,True,15,15,7,1.47,18,20421,98553,47683,16545,7,1,2201,2202,"[223031, 223033, 447120, 223032, 223094, 223072, 3348]",0,0
KR_7733355998,2025-07-30 06:29:30,CHERRY,1700,1405,Zeri,,False,10,5,1,2.2,16,12800,44032,30544,9908,0,0,2201,2202,"[223072, 226673, 443069, 223031, 223036, 223026, 3348]",0,0
KR_7732888497,2025-07-29 15:55:18,CHERRY,1700,1453,Braum,,True,15,5,8,4.6,18,24820,58434,69934,11117,0,3,2201,2202,"[224403, 223068, 228001, 224401, 443054, 226665, 3348]",0,0
KR_7732832587,2025-07-29 15:16:16,CLASSIC,420,2045,Azir,MIDDLE,False,4,7,10,2.0,18,14548,27742,29760,3780,38,305,12,4,"[2055, 3115, 3157, 4645, 3020, 3116, 3363]",8000,8400
KR_7732603639,2025-07-29 13:00:57,CLASSIC,420,1806,Vi,JUNGLE,False,5,6,8,2.17,15,11624,12821,37273,14642,25,178,11,4,"[3071, 6610, 6333, 0, 3047, 0, 3364]",8000,8300
KR_7732513761,2025-07-29 12:07:14,CLASSIC,420,1452,Azir,MIDDLE,True,6,2,10,8.0,16,12696,27869,16435,2830,17,229,12,4,"[0, 3115, 3157, 6653, 1056, 3020, 3363]",8000,8300
KR_7732473216,2025-07-29 11:34:15,CHERRY,1700,1575,Braum,,False,1,7,3,0.57,15,9265,12647,45809,12717,0,0,2201,2202,"[223111, 223190, 447122, 223109, 223110, 228020, 3348]",0,0
KR_7732438091,2025-07-29 11:06:50,CHERRY,1700,1420,Darius,,True,6,7,10,2.29,18,15000,46506,51275,19045,0,0,2201,2202,"[446671, 223039, 226333, 226609, 447107, 447111, 3348]",0,0
KR_7732407778,2025-07-29 10:45:31,CHERRY,1700,1532,Sejuani,,False,6,6,2,1.33,14,10528,41199,33597,5074,0,1,2201,2202,"[228001, 223068, 447122, 2050, 447110, 222504, 3348]",0,0
KR_7731755241,2025-07-28 16:24:04,CLASSIC,420,932,Yone,MIDDLE,True,3,0,1,4.0,12,6750,6972,9919,4053,17,158,12,4,"[3153, 3006, 0, 1036, 1054, 0, 3340]",8000,8400
KR_7731666958,2025-07-28 15:12:45,CHERRY,1700,1684,Seraphine,,True,10,10,6,1.6,18,17501,38089,36313,17783,0,0,2201,2202,"[223137, 223003, 447108, 223089, 223100, 223102, 3348]",0,0
KR_7726056846,2025-07-24 10:47:03,CHERRY,1700,1433,Blitzcrank,,False,6,7,3,1.29,15,11250,24078,24295,3481,0,0,2201,2202,"[223137, 223158, 447109, 223089, 3430, 224645, 3348]",0,0
KR_7726019664,2025-07-24 10:09:47,CHERRY,1700,1629,Renata,,True,16,9,11,3.0,18,26965,105369,94319,41264,0,1,2201,2202,"[223124, 223302, 443090, 223153, 4011, 223085, 3348]",0,0
KR_7725990680,2025-07-24 09:40:10,CHERRY,1700,1489,KSante,,True,7,4,9,4.0,18,15512,53929,58308,14548,0,0,2201,2202,"[226665, 446667, 443058, 223084, 226662, 223068, 3348]",0,0
KR_7725962897,2025-07-24 09:13:58,CHERRY,1700,1350,Illaoi,,False,2,8,5,0.88,14,7094,17030,31837,7120,0,2,2201,2202,"[223039, 223047, 447110, 447111, 223053, 0, 3348]",0,0
KR_7693461443,2025-06-27 00:57:41,CHERRY,1700,1405,LeeSin,,True,11,6,5,2.67,17,11025,38914,58853,24345,0,1,2201,2202,"[447111, 223047, 446632, 226692, 223161, 223071, 3348]",0,0
KR_7692882864,2025-06-26 11:15:02,CHERRY,1700,1509,Azir,,True,11,5,8,3.8,18,21493,56938,42977,31971,0,0,2201,2202,"[444644, 443062, 4016, 223089, 223115, 223135, 3348]",0,0
KR_7692849101,2025-06-26 10:31:16,CHERRY,1700,1570,Twitch,,True,16,14,10,1.86,18,31510,78622,54804,7408,0,0,2202,2201,"[224403, 222504, 447123, 223302, 223124, 443090, 3348]",0,0
KR_7692374323,2025-06-25 18:07:55,CHERRY,1700,1356,Vex,,False,10,7,2,1.71,15,11006,40562,25337,3805,0,0,2201,2202,"[223020, 447113, 444644, 223135, 223089, 223102, 3348]",0,0
KR_7692323893,2025-06-25 16:55:51,CLASSIC,420,1307,Aurora,MIDDLE,True,4,1,3,7.0,15,10277,18374,13672,4744,15,189,12,4,"[4645, 4646, 0, 3020, 1056, 1082, 3363]",8100,8200
KR_7692285452,2025-06-25 16:04:23,CLASSIC,420,1851,Taliyah,MIDDLE,True,8,5,16,4.8,18,15633,36403,25740,3495,17,236,12,4,"[1082, 3171, 3157, 3040, 3135, 3102, 3364]",8200,8000
KR_7692227012,2025-06-25 15:06:33,CHERRY,1700,1592,Katarina,,True,11,6,3,2.33,18,20000,46579,44274,6522,0,0,2201,2202,"[223089, 223115, 447113, 224645, 224633, 223135, 3348]",0,0
KR_7692191683,2025-06-25 14:40:32,CHERRY,1700,1384,Veigar,,False,6,9,1,0.78,17,12500,26492,25484,5851,0,0,2201,2202,"[223135, 223158, 447104, 223089, 226657, 224645, 3348]",0,0
KR_7679934628,2025-06-14 16:44:07,CLASSIC,420,2060,LeeSin,JUNGLE,True,13,4,18,7.75,18,16636,35500,50669,32703,53,208,11,4,"[6692, 6610, 3053, 0, 6333, 3111, 3340]",8000,8300
KR_7678550579,2025-06-13 17:13:05,CLASSIC,420,967,Taliyah,MIDDLE,True,4,0,3,7.0,11,6511,13349,5686,614,10,140,12,4,"[3040, 3158, 2055, 1052, 1056, 4630, 3363]",8200,8000
KR_7678490897,2025-06-13 16:28:47,CLASSIC,420,1710,Ryze,MIDDLE,False,7,4,7,3.5,17,14095,24031,26099,5545,29,259,12,4,"[6657, 3040, 1058, 3135, 1056, 3158, 3340]",8200,8400
KR_7678436991,2025-06-13 15:55:57,CLASSIC,420,1392,Galio,MIDDLE,False,1,3,3,1.33,13,7918,11757,16188,2697,24,190,12,4,"[6664, 3111, 3147, 1082, 1056, 3108, 3340]",8200,8400
KR_7676305418,2025-06-11 16:55:10,CLASSIC,420,2287,Taliyah,MIDDLE,True,9,8,17,3.25,18,19518,53405,30450,4930,36,294,12,4,"[3171, 3040, 3089, 3135, 3102, 6653, 3363]",8200,8000
KR_7676281036,2025-06-11 16:18:39,CLASSIC,420,1328,Taliyah,MIDDLE,False,8,6,0,1.33,14,12555,28217,19221,2234,18,183,12,4,"[3040, 3165, 3089, 3158, 4630, 1082, 3363]",8200,8000
KR_7676244317,2025-06-11 15:36:51,CLASSIC,420,1826,Irelia,MIDDLE,False,4,11,4,0.73,16,12050,22675,37031,9919,36,238,12,4,"[3181, 3153, 6333, 0, 1055, 3111, 3364]",8000,8300
KR_7676173656,2025-06-11 14:37:07,CLASSIC,420,2212,Irelia,MIDDLE,True,8,7,8,2.29,18,16591,28274,49136,22727,38,304,12,4,"[0, 3153, 3091, 6333, 3181, 3111, 3364]",8000,8300
KR_7676018989,2025-06-11 12:44:36,CLASSIC,420,1592,Yone,MIDDLE,False,6,7,3,1.29,14,11023,18301,30958,5883,24,176,12,4,"[6631, 3006, 2055, 3153, 6670, 1037, 3364]",8000,8400
KR_7675918108,2025-06-11 11:12:23,CLASSIC,420,1792,TwistedFate,MIDDLE,True,6,6,14,3.33,18,15878,29182,27280,5211,30,236,12,4,"[3100, 6657, 3157, 3094, 3020, 1058, 3363]",8300,8400
KR_7675867466,2025-06-11 10:22:35,CLASSIC,420,995,Diana,MIDDLE,False,2,4,0,0.5,10,5408,11132,11807,693,10,125,12,4,"[3152, 2031, 0, 1001, 1056, 3145, 3364]",8200,8400
KR_7675386461,2025-06-10 16:08:49,CLASSIC,420,1742,Nidalee,TOP,True,5,4,5,2.5,16,12371,32098,43244,20334,27,211,12,4,"[3078, 3047, 6610, 3181, 1055, 1028, 3340]",8400,8300
KR_7675354493,2025-06-10 15:35:54,CLASSIC,420,1278,Nidalee,TOP,True,2,1,2,4.0,14,8846,16637,19225,11358,20,192,12,4,"[3078, 3153, 2055, 3111, 1055, 0, 3340]",8400,8300
KR_7675300836,2025-06-10 14:53:07,CLASSIC,420,1685,TwistedFate,MIDDLE,True,3,4,13,4.0,18,15011,20969,26857,7876,28,250,12,4,"[3100, 3094, 2420, 3111, 1056, 6657, 3363]",8300,8400
KR_7675091070,2025-06-10 12:21:50,CLASSIC,420,2525,Annie,UTILITY,True,14,7,35,7.0,18,18354,52945,42512,7612,153,72,14,4,"[3152, 3869, 3157, 4643, 3116, 3171, 3364]",8200,8300
KR_7675020886,2025-06-10 11:32:10,CLASSIC,420,2197,Sylas,MIDDLE,True,8,7,12,2.86,18,15267,40129,51856,16451,29,279,12,4,"[3152, 1058, 3157, 4633, 3171, 1058, 3364]",8000,8400
KR_7674996579,2025-06-10 11:05:40,CLASSIC,420,958,Irelia,MIDDLE,False,0,5,0,0.0,10,4834,5794,14967,4118,15,132,12,4,"[2031, 1001, 3153, 1036, 1055, 0, 3340]",8000,8300
KR_7674939074,2025-06-10 10:03:45,CLASSIC,420,1720,Irelia,MIDDLE,True,8,6,2,1.67,16,13793,27776,35794,17121,24,232,12,4,"[3181, 3153, 3173, 6333, 1055, 1043, 3340]",8000,8300
KR_7674896540,2025-06-10 09:19:43,CLASSIC,420,982,Poppy,UTILITY,True,2,2,7,4.5,7,4690,4101,5369,456,34,18,14,4,"[3869, 2031, 0, 3066, 3013, 1031, 3364]",8400,8300
KR_7674876399,2025-06-10 08:54:01,CLASSIC,420,921,Irelia,MIDDLE,True,2,1,1,3.0,11,6328,8036,10665,4263,15,149,12,4,"[2031, 3153, 2055, 3066, 1054, 3047, 3340]",8000,8300
KR_7674497791,2025-06-09 17:45:04,CLASSIC,420,2154,TwistedFate,MIDDLE,True,5,3,11,5.33,18,17671,38266,27220,8652,37,320,12,4,"[3094, 3173, 2420, 6657, 3089, 3100, 3363]",8300,8400
KR_7674470119,2025-06-09 16:48:10,CLASSIC,420,1926,Irelia,MIDDLE,True,5,6,9,2.33,18,15193,31246,38253,15101,26,260,12,4,"[3153, 3091, 0, 3111, 2501, 6333, 3364]",8000,8300
KR_7674430841,2025-06-09 16:05:52,CLASSIC,420,1442,Sylas,MIDDLE,False,5,7,2,1.0,14,10433,17496,26139,4473,9,173,12,4,"[3152, 4633, 1052, 3111, 1056, 3041, 3364]",8000,8400
KR_7674372800,2025-06-09 15:07:17,CLASSIC,420,1943,TwistedFate,MIDDLE,True,9,5,13,4.4,18,16239,24632,21995,3455,28,245,12,4,"[3157, 3100, 2065, 3094, 3170, 1082, 3363]",8300,8000
KR_7674217585,2025-06-09 13:15:22,CLASSIC,420,2242,TwistedFate,MIDDLE,True,8,4,22,7.5,18,19223,38911,38258,10777,29,270,12,4,"[3089, 3173, 3157, 3100, 3094, 3041, 3363]",8300,8400
KR_7674148485,2025-06-09 12:27:48,CLASSIC,420,1542,Azir,MIDDLE,False,5,8,3,1.0,15,11289,18337,19790,911,32,224,12,4,"[2055, 3115, 3157, 1082, 3020, 6653, 3363]",8000,8300
KR_7673529621,2025-06-08 17:43:02,CLASSIC,420,2099,Azir,MIDDLE,True,3,7,21,3.43,17,13163,43708,29666,5577,39,234,12,4,"[3115, 1082, 4630, 3020, 3089, 3116, 3363]",8000,8200
KR_7673504708,2025-06-08 17:04:10,CLASSIC,420,1561,Corki,MIDDLE,True,2,4,11,3.25,15,10697,24556,16951,4198,24,205,12,4,"[3086, 3078, 0, 3047, 1055, 3042, 3363]",8000,8300
KR_7673253039,2025-06-08 13:37:47,CLASSIC,420,1737,Corki,MIDDLE,False,7,5,3,2.0,15,13495,32339,25558,4219,20,247,12,4,"[3078, 3111, 3031, 3086, 1055, 3042, 3363]",8000,8400
KR_7673184544,2025-06-08 13:01:44,CLASSIC,420,1504,Zed,MIDDLE,False,7,3,1,2.67,15,11347,23044,16515,2063,27,195,12,4,"[6692, 3071, 0, 3161, 0, 3158, 3364]",8000,8400
KR_7672158834,2025-06-07 18:03:15,CLASSIC,420,1645,Gragas,UTILITY,False,2,7,10,1.71,11,7331,9666,27188,6769,83,32,14,4,"[3871, 2055, 3190, 3110, 3158, 0, 3364]",8300,8400
KR_7672113932,2025-06-07 17:18:31,CLASSIC,420,1214,Taliyah,MIDDLE,True,3,2,8,5.5,14,9547,13767,11148,611,13,187,12,4,"[3116, 3040, 3171, 1033, 1056, 1082, 3363]",8200,8400
KR_7672076236,2025-06-07 16:40:45,CLASSIC,420,1127,Annie,MIDDLE,True,5,1,5,10.0,12,7634,14739,11549,4304,15,135,12,4,"[6657, 1082, 0, 3158, 1056, 1026, 3340]",8200,8000
KR_7672062200,2025-06-07 16:31:08,CLASSIC,420,182,Taliyah,MIDDLE,False,0,1,0,0.0,2,850,1055,1762,330,1,10,12,4,"[2031, 2055, 0, 0, 1056, 0, 3340]",8200,8000
KR_7672005171,2025-06-07 15:52:53,CLASSIC,420,1192,Ahri,MIDDLE,True,10,1,5,15.0,14,10655,18421,10335,4575,18,174,12,4,"[0, 3171, 2420, 3118, 3100, 1082, 3364]",8100,8300
KR_7671885689,2025-06-07 14:48:26,CLASSIC,420,2469,Zoe,MIDDLE,True,8,5,14,4.4,18,16556,43500,27462,7341,58,256,12,4,"[4628, 6655, 3089, 3135, 1058, 3158, 3340]",8100,8200
KR_7671664141,2025-06-07 12:52:02,CLASSIC,420,1096,Taliyah,MIDDLE,True,9,2,5,7.0,12,9196,17761,11876,2501,21,134,12,4,"[6653, 3171, 0, 3040, 1056, 0, 3363]",8200,8000
KR_7671601006,2025-06-07 12:14:04,CLASSIC,420,1644,Zoe,MIDDLE,False,1,5,4,1.0,14,10081,23601,19122,2916,18,203,14,4,"[4628, 3158, 1058, 6655, 1058, 1082, 3363]",8100,8200
KR_7670710614,2025-06-06 17:59:56,CLASSIC,420,1417,Corki,MIDDLE,True,3,3,5,2.67,14,10044,20895,12702,2614,24,195,12,4,"[3078, 3042, 0, 3111, 1055, 3086, 3363]",8000,8400
KR_7670660881,2025-06-06 17:11:12,CLASSIC,420,1738,Ryze,MIDDLE,False,4,3,7,3.67,16,11882,24547,31149,4850,34,231,12,4,"[0, 6657, 3157, 3040, 1056, 3111, 3363]",8200,8400
KR_7670561488,2025-06-06 15:54:56,CLASSIC,420,1507,Nidalee,TOP,False,1,6,5,1.0,14,10438,14278,28384,7201,17,179,12,4,"[3111, 3078, 0, 6610, 1055, 2021, 3363]",8400,8300
KR_7670323990,2025-06-06 13:49:15,CLASSIC,420,1408,Viktor,MIDDLE,True,3,1,3,6.0,16,10351,19646,13588,4243,22,237,12,4,"[3173, 6657, 2421, 6653, 1056, 1082, 3363]",8200,8400
KR_7669181716,2025-06-05 17:08:23,CLASSIC,420,1541,Leblanc,MIDDLE,False,3,3,5,2.67,13,9239,23535,19659,4348,36,172,12,4,"[3089, 1082, 3171, 6655, 1056, 0, 3364]",8100,8000
KR_7669130874,2025-06-05 16:28:25,CLASSIC,420,1545,Taliyah,MIDDLE,False,4,4,3,1.75,14,10508,17062,16497,2942,42,223,12,4,"[3040, 6653, 1058, 1082, 1056, 3158, 3363]",8200,8000
KR_7669064080,2025-06-05 15:38:28,CLASSIC,420,1773,Akali,MIDDLE,False,1,6,2,0.5,15,9872,15019,31074,3889,15,222,12,4,"[3152, 4645, 1026, 3175, 1052, 1082, 3364]",8000,8400
KR_7668990305,2025-06-05 15:00:52,CLASSIC,420,1874,Vi,JUNGLE,False,2,3,11,4.33,15,11369,10332,33839,15287,46,229,11,4,"[6610, 3111, 2055, 3071, 3053, 0, 3364]",8000,8300
KR_7668079655,2025-06-04 19:02:36,CLASSIC,420,1798,Ryze,MIDDLE,False,2,5,8,2.0,16,12245,24777,27984,4932,34,252,12,4,"[1058, 3040, 3157, 6657, 1056, 3111, 3363]",8200,8400
KR_7668031665,2025-06-04 17:18:01,CLASSIC,420,1172,Sylas,MIDDLE,True,5,2,6,5.5,13,8634,20778,24952,12717,15,166,12,4,"[6657, 3171, 0, 4629, 1056, 0, 3364]",8000,8400
KR_7668007561,2025-06-04 16:40:15,CLASSIC,420,1384,Orianna,MIDDLE,True,3,0,14,17.0,16,11525,24068,11703,3046,23,225,12,4,"[3102, 3040, 3145, 3158, 1056, 1058, 3363]",8200,8000
KR_7667991295,2025-06-04 16:22:50,CLASSIC,420,101,Azir,MIDDLE,False,0,0,0,0.0,1,524,225,0,0,0,1,12,4,"[2003, 0, 0, 0, 1056, 0, 3340]",8000,8200
KR_7667948824,2025-06-04 15:37:19,CLASSIC,420,1896,Galio,MIDDLE,False,5,6,10,2.5,16,12434,23245,30060,3412,27,245,12,4,"[6664, 3111, 2420, 3041, 4633, 3916, 3364]",8400,8200
KR_7667898191,2025-06-04 14:51:20,CLASSIC,420,1926,Sylas,MIDDLE,False,3,9,5,0.89,16,11129,21970,42088,6901,18,210,12,4,"[4629, 6657, 1026, 1082, 4630, 3171, 3364]",8000,8400
